review_id,product,rating,created_at,text
R001,무선 이어폰 A,5,2026-07-01,배송도 빠르고 음질이 기대 이상이에요. 통화 품질도 깔끔합니다.
R002,무선 이어폰 A,4,2026-07-01,가격 대비 만족합니다. 다만 케이스가 조금 미끄러워요.
R003,무선 이어폰 A,2,2026-07-02,왼쪽 유닛 연결이 자꾸 끊깁니다. 재페어링해도 마찬가지네요.
R004,무선 이어폰 A,5,2026-07-02,노이즈 캔슬링이 이 가격에 이 정도면 훌륭합니다.
R005,무선 이어폰 A,3,2026-07-03,소리는 괜찮은데 착용감이 제 귀에는 안 맞았어요.
R006,블루투스 스피커 B,5,2026-07-03,캠핑 갈 때 들고 갔는데 소리가 크고 배터리도 오래 갑니다.
R007,블루투스 스피커 B,4,2026-07-04,방수라 욕실에서 쓰기 좋아요. 저음이 조금 아쉽습니다.
R008,블루투스 스피커 B,1,2026-07-04,이틀 만에 전원이 안 켜집니다. 교환 요청했어요.
R009,무선 이어폰 A,5,2026-07-05,두 번째 구매입니다. 선물용으로도 좋아요.
R010,블루투스 스피커 B,4,2026-07-05,크기 대비 소리가 잘 나옵니다. 휴대하기 좋아요.
R011,무선 이어폰 A,4,2026-07-06,Great sound for the price. Battery lasts all day.
R012,블루투스 스피커 B,5,2026-07-06,Loud enough for outdoor use and the bass is decent.
R013,무선 이어폰 A,3,2026-07-07,포장은 좋았지만 설명서가 영어뿐이라 불편했습니다.
R014,블루투스 스피커 B,2,2026-07-07,연결은 되는데 가끔 소리가 끊깁니다. 펌웨어 업데이트가 필요해 보여요.
R015,무선 이어폰 A,5,2026-07-08,출퇴근길에 잘 쓰고 있습니다. 착용감이 편해요.
R016,스마트 워치 C,4,2026-07-08,수면 측정이 생각보다 정확합니다. 화면도 밝아요.
R017,스마트 워치 C,5,2026-07-09,운동 기록이 자세하게 남아서 만족스럽습니다.
R018,스마트 워치 C,3,2026-07-09,배터리가 이틀을 못 갑니다. 기능은 좋아요.
R019,무선 이어폰 A,4,2026-07-10,케이스가 작아서 주머니에 잘 들어갑니다.
R020,스마트 워치 C,2,2026-07-10,알림이 자꾸 밀려서 옵니다. 연동이 불안정해요.
R021,블루투스 스피커 B,5,2026-07-11,친구들과 캠핑에서 잘 썼습니다. 추천합니다.
R022,스마트 워치 C,4,2026-07-11,Comfortable to wear overnight. Sleep tracking works well.
R023,무선 이어폰 A,1,2026-07-12,한 달도 안 돼서 오른쪽 소리가 안 납니다. 실망입니다.
R024,무선 이어폰 A,1,2026-07-12,배송 상자가 찌그러져 왔고 제품에도 흠집이 있었습니다.
R025,무선 이어폰 A,2,2026-07-13,연결 끊김이 계속됩니다. 같은 증상 후기가 많네요.
R026,무선 이어폰 A,1,2026-07-13,고객센터 연결이 안 됩니다. 환불 절차도 복잡해요.
R027,블루투스 스피커 B,2,2026-07-13,충전 단자가 헐거워졌습니다. 한 달 사용했습니다.
R028,무선 이어폰 A,1,2026-07-14,같은 불량이 반복됩니다. 품질 관리가 필요해 보입니다.
R029,스마트 워치 C,2,2026-07-14,업데이트 후 배터리가 더 빨리 닳습니다.
R030,블루투스 스피커 B,1,2026-07-14,Stopped working after two weeks. Very disappointing.
R031,스마트 워치 C,5,2026-07-15,밴드 교체가 쉬워서 좋습니다. 디자인도 마음에 들어요.
R032,블루투스 스피커 B,4,2026-07-15,가격 생각하면 충분히 좋은 선택입니다.
R033,무선 이어폰 A,3,2026-07-15,음질은 괜찮지만 통화할 때 상대가 잘 안 들린다고 합니다.
R034,스마트 워치 C,4,2026-07-16,심박수 측정이 병원 기기와 비슷하게 나옵니다.
R035,블루투스 스피커 B,5,2026-07-16,두 대를 페어링해서 스테레오로 쓰니 훨씬 좋습니다.
R036,무선 이어폰 A,5,2026-07-17,퇴근길 지하철에서도 주변 소음이 거의 안 들립니다.
R037,스마트 워치 C,2,2026-07-18,걸음 수가 실제보다 많이 잡힙니다. 설거지만 해도 올라가요.
R038,블루투스 스피커 B,4,2026-07-18,Sound is clear at low volume too. Setup took a minute.
R039,무선 이어폰 A,3,2026-07-19,디자인은 마음에 드는데 터치가 너무 민감합니다.
R040,블루투스 스피커 B,5,2026-07-20,야외 방수 테스트 삼아 비 맞혀 봤는데 멀쩡합니다.
R041,스마트 워치 C,4,2026-07-20,알림을 손목에서 바로 확인하니 휴대폰을 덜 꺼내게 됩니다.
R042,무선 이어폰 A,1,2026-07-22,사흘 만에 오른쪽만 충전이 안 됩니다. 반품 신청했습니다.
R043,블루투스 스피커 B,3,2026-07-24,소리는 만족스러운데 무게가 있어 들고 다니기는 부담됩니다.
R044,스마트 워치 C,5,2026-07-24,수면 단계 그래프가 상세해서 생활 습관 고치는 데 도움이 됩니다.
R045,무선 이어폰 A,4,2026-07-26,케이스 배터리가 일주일 갑니다. 충전 스트레스가 없어요.
R046,블루투스 스피커 B,2,2026-07-28,볼륨을 올리면 저음에서 잡음이 섞입니다.
R047,스마트 워치 C,3,2026-07-30,기능은 많은데 메뉴가 복잡해서 익숙해지는 데 시간이 걸립니다.
R048,무선 이어폰 A,5,2026-07-30,통화 품질이 개선된 펌웨어가 나와서 바로 적용했습니다.
R049,블루투스 스피커 B,4,2026-08-01,캠핑장에서 하루 종일 틀었는데 배터리가 남았습니다.
R051,무선 이어폰 A,4,2026-08-03,Fits well and stays in during runs. Case is a bit slippery.
R052,블루투스 스피커 B,5,2026-08-05,거실에서 쓰기에 소리 크기가 충분합니다.
R053,스마트 워치 C,4,2026-08-05,운동 종목 자동 인식이 생각보다 잘 맞습니다.
R055,블루투스 스피커 B,3,2026-08-07,음질은 가격대에 맞는데 앱 연동이 자주 끊깁니다.
R056,스마트 워치 C,5,2026-08-09,충전 한 번에 오 일을 씁니다. 출장 갈 때 편합니다.
R057,무선 이어폰 A,5,2026-08-11,같은 모델을 회사용으로 하나 더 샀습니다.
R059,스마트 워치 C,3,2026-08-13,측정은 정확한데 앱 알림이 너무 자주 옵니다.
R060,무선 이어폰 A,4,2026-08-15,이전 모델보다 착용감이 확실히 나아졌습니다.
R061,블루투스 스피커 B,5,2026-08-16,Battery lasted a full weekend trip without charging.
R063,무선 이어폰 A,3,2026-08-17,노이즈 캔슬링은 좋지만 오래 끼면 귀가 먹먹합니다.
R064,블루투스 스피커 B,4,2026-08-17,블루투스 연결 범위가 넓어 다른 방에서도 끊기지 않습니다.
R067,블루투스 스피커 B,3,2026-08-17,휴대성은 좋은데 스트랩이 따로 판매라 아쉽습니다.
R050,스마트 워치 C,1,2026-08-18,이 주 만에 화면에 세로줄이 생겼습니다. 매우 실망입니다.
R054,무선 이어폰 A,2,2026-08-18,페어링이 매번 처음처럼 오래 걸립니다.
R068,스마트 워치 C,4,2026-08-18,심박 알림 덕분에 무리한 운동을 줄이게 됐습니다.
R058,블루투스 스피커 B,1,2026-08-19,전원 버튼이 눌린 채로 왔습니다. 검수가 필요해 보입니다.
R062,스마트 워치 C,2,2026-08-19,방수라고 했는데 수영 후 화면 터치가 안 먹습니다.
R065,스마트 워치 C,5,2026-08-19,스트랩을 바꿔 끼우니 정장에도 어울립니다.
R066,무선 이어폰 A,1,2026-08-20,한 달도 안 돼 왼쪽 소리가 작아졌습니다. 같은 증상 후기가 많습니다.
R069,무선 이어폰 A,5,2026-08-20,선물했는데 받은 사람이 아주 만족해합니다.
R070,블루투스 스피커 B,2,2026-08-20,App keeps disconnecting after the last update.
